Kategori,Isi Berita,Link
Umum,"

Hasto: Pemikiran Geopolitik Sukarno Penting bagi Kepemimpinan Indonesia dan Dunia 
",https://www.tribunnews.com/nasional/2022/02/19/hasto-pemikiran-geopolitik-sukarno-penting-bagi-kepemimpinan-indonesia-dan-dunia
Umum,"

UPDATE Kasus Binomo Menyeret Indra Kenz & Mengapa Masih Banyak yang Tertipu Investasi Binary Option? 
",https://www.tribunnews.com/nasional/2022/02/19/update-kasus-binomo-menyeret-indra-kenz-mengapa-masih-banyak-yang-tertipu-investasi-binary-option
Umum,"

BNPT Gandeng Ulama Melawan Penyalahgunaan Narasi Keagamaan 
",https://www.tribunnews.com/nasional/2022/02/19/bnpt-gandeng-ulama-melawan-penyalahgunaan-narasi-keagamaan
Umum,"

Cara Mencairkan JKP Melalui Portal Siap Kerja, Bisa Diajukan per Tanggal 1 Februari 2022 
",https://www.tribunnews.com/nasional/2022/02/19/cara-mencairkan-jkp-melalui-portal-siap-kerja-bisa-diajukan-per-tanggal-1-februari-2022
Umum,"

DAFTAR Kartu Prakerja Gelombang 23 di www.prakerja.go.id, Siapkan Email dan Segera Klik Gabung 
",https://www.tribunnews.com/nasional/2022/02/19/daftar-kartu-prakerja-gelombang-23-di-wwwprakerjagoid-siapkan-email-dan-segera-klik-gabung
Umum,"

CARA Daftar DTKS DKI Jakarta di dtks.jakarta.go.id, Terakhir Pendaftaran Besok 20 Februari 2022 
",https://www.tribunnews.com/nasional/2022/02/19/cara-daftar-dtks-dki-jakarta-di-dtksjakartagoid-terakhir-pendaftaran-besok-20-februari-2022
Umum,"

Eks KSAU Ungkap Kisah Dirinya Harus Izin Singapura saat Hendak Kirim Logistik Pasukan ke Natuna 
",https://www.tribunnews.com/nasional/2022/02/19/eks-ksau-ungkap-kisah-dirinya-harus-izin-singapura-saat-hendak-kirim-logistik-pasukan-ke-natuna
Politik,"

Wakil Ketua DPD PDIP DKI: Politik Gaduh Ala Andi Arief Tidak Akan Menaikkan Elektabilitas 
",https://www.tribunnews.com/nasional/2022/02/19/wakil-ketua-dpd-pdip-dki-politik-gaduh-ala-andi-arief-tidak-akan-menaikkan-elektabilitas
Umum,"

Anggota DPRD DKI Jakarta Minta Gubernur Jalankan Putusan PTUN Soal Keruk Kali Mampang 
",https://www.tribunnews.com/nasional/2022/02/19/anggota-dprd-dki-jakarta-minta-gubernur-jalankan-putusan-ptun-soal-keruk-kali-mampang
Umum,"

CEK BANSOS PKH Cair Bulan Februari 2022, Login cekbansos.kemensos.go.id, Simak Kriterianya 
",https://www.tribunnews.com/nasional/2022/02/19/cek-bansos-pkh-cair-bulan-februari-2022-login-cekbansoskemensosgoid-simak-kriterianya
Umum,"

Kemendagri Siap Mendukung Siapapun yang Memimpin KPU-Bawaslu, Komisioner Diminta Segera Konsolidasi 
",https://www.tribunnews.com/nasional/2022/02/19/kemendagri-siap-mendukung-siapapun-yang-memimpin-kpu-bawaslu-komisioner-diminta-segera-konsolidasi
Hukum,"

Mabes Polri Terus Pantau Aplikasi yang Gunakan Skema Binary Option 
",https://www.tribunnews.com/nasional/2022/02/19/mabes-polri-terus-pantau-aplikasi-yang-gunakan-skema-binary-option
Umum,"

Soal Polemik JHT, Puan Maharani Minta Pemerintah Adakan Musyawarah Bersama Pihak Terkait 
",https://www.tribunnews.com/nasional/2022/02/19/soal-polemik-jht-puan-maharani-minta-pemerintah-adakan-musyawarah-bersama-pihak-terkait
Hukum,"

Kasus Binomo Ditingkatkan ke Penyidikan, Indra Kenz akan Diperiksa Polisi 25 Februari Mendatang 
",https://www.tribunnews.com/nasional/2022/02/19/kasus-binomo-ditingkatkan-ke-penyidikan-indra-kenz-akan-diperiksa-polisi-25-februari-mendatang
Umum,"

'Body of Knowledge' Geopolitik Soekarno Dikupas di Simposium Unhan RI 
",https://www.tribunnews.com/nasional/2022/02/19/body-of-knowledge-geopolitik-soekarno-dikupas-di-simposium-unhan-ri
Umum,"

KLIK Link dashboard.prakerja.go.id untuk Daftar Kartu Prakerja Gelombang 23, Cek Cara Isi Data Diri 
",https://www.tribunnews.com/nasional/2022/02/19/klik-link-dashboardprakerjagoid-untuk-daftar-kartu-prakerja-gelombang-23-cek-cara-isi-data-diri
Hukum,"

Teroris Mulai Ubah Strategi, Menyusupi Suatu Lembaga & Tidak Langsung Melakukan Kegiatan Teror 
",https://www.tribunnews.com/nasional/2022/02/19/teroris-mulai-ubah-strategi-menyusupi-suatu-lembaga-tidak-langsung-melakukan-kegiatan-teror
,"

Kemenag Dorong Lembaga Zakat Benahi Data Muzaki Potensial 
",https://www.tribunnews.com/nasional/2022/02/19/kemenag-dorong-lembaga-zakat-benahi-data-muzaki-potensial
Hukum,"

Tak Hanya Binomo, Kasus Penipuan Berkedok Skema Binary Option Serupa Bakal Ditindak 
",https://www.tribunnews.com/nasional/2022/02/19/tak-hanya-binomo-kasus-penipuan-berkedok-skema-binary-option-serupa-bakal-ditindak
Umum,"

Guru Honorer yang Lulus Seleksi PPPK Tahap I Tanda Tangan Kontrak Kerja, Maret 2022 Terima Gaji 
",https://www.tribunnews.com/nasional/2022/02/19/guru-honorer-yang-lulus-seleksi-pppk-tahap-i-tanda-tangan-kontrak-kerja-maret-2022-terima-gaji
Umum,"

Dengan Vaksinasi & Prokes Ketat Jokowi Yakin Indonesia Bisa Segera Pulih dari Pandemi Covid-19 
",https://www.tribunnews.com/nasional/2022/02/19/dengan-vaksinasi-prokes-ketat-jokowi-yakin-indonesia-bisa-segera-pulih-dari-pandemi-covid-19
Hukum,"

Kasus Afiliator Indra Kenz, Bareskrim Juga Cari Pemilik Sebenarnya Platform Trading Binomo 
",https://www.tribunnews.com/nasional/2022/02/19/kasus-afiliator-indra-kenz-bareskrim-juga-cari-pemilik-sebenarnya-platform-trading-binomo
Lingkungan,"

UPDATE Gunung Api Status Level 3 Siaga: Gunung Semeru Alami 27 kali Gempa Erupsi 
",https://www.tribunnews.com/nasional/2022/02/19/update-gunung-api-status-level-3-siaga-gunung-semeru-alami-27-kali-gempa-erupsi
Hukum,"

Terus Buru Indra Kenz, Bareskrim Juga Bakal Jerat  Afiliator Lain di Kasus Binomo 
",https://www.tribunnews.com/nasional/2022/02/19/terus-buru-indra-kenz-bareskrim-juga-bakal-jerat-afiliator-lain-di-kasus-binomo
Hukum,"

Mantan Direktur Layanan Diperiksa Terkait Dugaan Korupsi Pengadaan Pesawat Garuda 
",https://www.tribunnews.com/nasional/2022/02/19/mantan-direktur-layanan-diperiksa-terkait-dugaan-korupsi-pengadaan-pesawat-garuda
,"

SOLUSI Isi Data Alamat agar Berhasil Mendaftar Kartu Prakerja Gelombang 23 via prakerja.go.id 
",https://www.tribunnews.com/nasional/2022/02/19/solusi-isi-data-alamat-agar-berhasil-mendaftar-kartu-prakerja-gelombang-23-via-prakerjagoid
,"

Peringatan Dini BMKG Sabtu, 19 Februari 2022: Waspada Cuaca Ekstrem di 32 Wilayah Indonesia 
",https://www.tribunnews.com/nasional/2022/02/19/peringatan-dini-bmkg-sabtu-19-februari-2022-waspada-cuaca-ekstrem-di-32-wilayah-indonesia
Umum,"

Agustin Teras Narang: UU IKN Di Depan Mata, Kita Harus Bantu Pemerintah 
",https://www.tribunnews.com/nasional/2022/02/19/agustin-teras-narang-uu-ikn-di-depan-mata-kita-harus-bantu-pemerintah
Umum,"

Komisioner KPU RI Jelaskan Strategi Antisipasi Kecelakaan Kerja Badan Ad Hoc untuk Pilkada 2024 
",https://www.tribunnews.com/nasional/2022/02/19/komisioner-kpu-ri-jelaskan-strategi-antisipasi-kecelakaan-kerja-badan-ad-hoc-untuk-pilkada-2024
Umum,"

Peningkatan Elektabilitas Erick Thohir Dinilai jadi Modal Awal Menuju 2024 
",https://www.tribunnews.com/nasional/2022/02/19/peningkatan-elektabilitas-erick-thohir-dinilai-jadi-modal-awal-menuju-2024
Umum,"

Komisioner KPU RI Terpilih Jabarkan Sejumlah Langkah yang Harus Dilakukan Kepemimpinan Baru 
",https://www.tribunnews.com/nasional/2022/02/19/komisioner-kpu-ri-terpilih-jabarkan-sejumlah-langkah-yang-harus-dilakukan-kepemimpinan-baru
Hukum,"

GP Ansor Berharap Perkara Unlawful Killing 6 Anggota eks Laskar FPI Hasilkan Hukum yang Adil 
",https://www.tribunnews.com/nasional/2022/02/19/gp-ansor-berharap-perkara-unlawful-killing-6-anggota-eks-laskar-fpi-hasilkan-hukum-yang-adil
Umum,"

Pemerintah Tunggu Aturan Turunan UU IKN Rampung sebelum Mulai Pembangunan 
",https://www.tribunnews.com/nasional/2022/02/19/pemerintah-tunggu-aturan-turunan-uu-ikn-rampung-sebelum-mulai-pembangunan
Umum,"

Guru Besar UI: Akuntabilitas Perjanjian FIR Indonesia-Singapura melalui UU 
",https://www.tribunnews.com/nasional/2022/02/18/guru-besar-ui-akuntabilitas-perjanjian-fir-indonesia-singapura-melalui-uu
Umum,"

KSP Sebut Presiden Jokowi akan Umumkan Kepala Otorita IKN Bulan Depan 
",https://www.tribunnews.com/nasional/2022/02/18/ksp-sebut-presiden-jokowi-akan-umumkan-kepala-otorita-ikn-bulan-depan
Hukum,"

Kabar Terkini Adam Deni di Penjara: Disebut Positif Covid-19 dan Doa Jerinx Untuk Cepat PulihÂ   
",https://www.tribunnews.com/nasional/2022/02/18/kabar-terkini-adam-deni-di-penjara-disebut-positif-covid-19-dan-doa-jerinx-untuk-cepat-pulih
Umum,"

Fahri Hamzah: Pembangunan Ibu Kota Negara Harus Berbasis Pada Ide Besar Tentang Indonesia 
",https://www.tribunnews.com/nasional/2022/02/18/fahri-hamzah-pembangunan-ibu-kota-negara-harus-berbasis-pada-ide-besar-tentang-indonesia
Politik,"

Demokrat Yakini Polisi Tolak Laporan atas Andi Arief soal Cuitan Sebut Hasto 
",https://www.tribunnews.com/nasional/2022/02/18/demokrat-yakini-polisi-tolak-laporan-atas-andi-arief-soal-cuitan-sebut-hasto
Hukum,"

Periksa Hakim PN Jakarta Barat, KPK Gali Soal Beberapa Perkara yang Ditangani Hakim Itong 
",https://www.tribunnews.com/nasional/2022/02/18/periksa-hakim-pn-jakarta-barat-kpk-gali-soal-beberapa-perkara-yang-ditangani-hakim-itong
Umum,"

Arti Status Menunggu Gelombang Ditutup yang Muncul di Dashboard Akun Kartu Prakerja Gelombang 23 
",https://www.tribunnews.com/nasional/2022/02/18/arti-status-menunggu-gelombang-ditutup-yang-muncul-di-dashboard-akun-kartu-prakerja-gelombang-23
